{
  "project_info": {
    "project_number": "478612091732",
    "firebase_url": "https://iomt-58496-default-rtdb.firebaseio.com",
    "project_id": "iomt-58496",
    "storage_bucket": "iomt-58496.firebasestorage.app"
  },
  "client": [
    {
      "client_info": {
        "mobilesdk_app_id": "1:478612091732:android:e2b00acccee4e0f0a8cec1",
        "android_client_info": {
          "package_name": "com.example.iomt"
        }
      },
      "oauth_client": [
        {
          "client_id": "478612091732-h99dqaf5j6altncllf5pvtaaparfc42c.apps.googleusercontent.com",
          "client_type": 3
        }
      ],
      "api_key": [
        {
          "current_key": "AIzaSyDVOiHwMWb2qMtknL0EEFMf3xAftb0p_08"
        }
      ],
      "services": {
        "appinvite_service": {
          "other_platform_oauth_client": [
            {
              "client_id": "478612091732-h99dqaf5j6altncllf5pvtaaparfc42c.apps.googleusercontent.com",
              "client_type": 3
            }
          ]
        }
      }
    },
    {
      "client_info": {
        "mobilesdk_app_id": "1:478612091732:android:d4c0ec034d7a0e7ea8cec1",
        "android_client_info": {
          "package_name": "com.example.project_mad"
        }
      },
      "oauth_client": [
        {
          "client_id": "478612091732-ct447v5o1lu2qnqtr1f7vtrnaikeeiod.apps.googleusercontent.com",
          "client_type": 1,
          "android_info": {
            "package_name": "com.example.project_mad",
            "certificate_hash": "be7a3990372024f1c1a69347eb5d3965f432575e"
          }
        },
        {
          "client_id": "478612091732-h99dqaf5j6altncllf5pvtaaparfc42c.apps.googleusercontent.com",
          "client_type": 3
        }
      ],
      "api_key": [
        {
          "current_key": "AIzaSyDVOiHwMWb2qMtknL0EEFMf3xAftb0p_08"
        }
      ],
      "services": {
        "appinvite_service": {
          "other_platform_oauth_client": [
            {
              "client_id": "478612091732-h99dqaf5j6altncllf5pvtaaparfc42c.apps.googleusercontent.com",
              "client_type": 3
            }
          ]
        }
      }
    }
  ],
  "configuration_version": "1"
}